Model,Accuracy,Precision,Recall,F1-Score,ROC-AUC
Logistic Regression,0.652039773170072,0.26369903275797574,0.7787211210705719,0.39398318549449496,0.7707206617986796
Random Forest,0.7143950819897588,0.29144017111483494,0.6751672768589825,0.40713707950706574,0.769250190026982
XGBoost,0.7572580534251411,0.31161974949953053,0.5551698017927029,0.3991784956485232,0.7638449960193594
LightGBM,0.7443991619945264,0.31233628539353875,0.6322434036106552,0.41811730327697766,0.7775302885725371
